<?xml version="1.0" encoding="utf-8"?>
<eml:eml xmlns:eml="eml://ecoinformatics.org/eml-2.1.1" xmlns:xsi="http://www.w3.org/2001/XMLSchema-instance"
         xsi:schemaLocation="eml://ecoinformatics.org/eml-2.1.1 http://rs.gbif.org/schema/eml-gbif-profile/1.2/eml.xsd"
packageId="10.15468/dl.swjxxn"  system="http://gbif.org" scope="system"
xml:lang="en">

    <dataset>
                <alternateIdentifier>0072979-240626123714530</alternateIdentifier>
        <title>GBIF Occurrence Download 10.15468/dl.swjxxn</title>
            <creator>
            <individualName>
                    <surName>GBIF Download Service</surName>
            </individualName>
<electronicMailAddress>support@gbif.org</electronicMailAddress>            </creator>
            <metadataProvider>
            <individualName>
                    <surName>GBIF Download Service</surName>
            </individualName>
<electronicMailAddress>support@gbif.org</electronicMailAddress>            </metadataProvider>
            <pubDate>
                2024-08-18
            </pubDate>
        <language>ENGLISH</language>
            <abstract>
                    <para>A dataset containing all occurrences available in GBIF matching the query:
{
  &quot;and&quot; : [
    &quot;TaxonKey is Mycetozoa&quot;,
    &quot;StateProvince is Pennsylvania&quot;,
    &quot;OccurrenceStatus is Present&quot;,
    &quot;HasCoordinate is true&quot;
  ]
}
The dataset includes records from the following constituent datasets. The full metadata for each constituent is also included in this archive:
13 records from Field Museum of Natural History (Botany) Fungi Collection
1 records from NSW DPI Biosecurity Collections
11 records from Intermountain Herbarium (fungi, not lichens), Utah State University
1 records from Natural History Museum (London) Collection Specimens
13 records from Clemson University Herbarium
807 records from Planetary Biodiversity Inventory Eumycetozoan Databank
590 records from USDA United States National Fungus Collections
21 records from University of Tennessee Fungal Herbarium
36 records from Cornell University Plant Pathology Herbarium
1 records from Myxomycetes externi
1 records from Paleobiology Database
1420 records from Academy of Natural Sciences of Drexel University
11 records from University of Michigan Herbarium
455 records from The New York Botanical Garden Herbarium (NY)
11 records from Charles Gardner Shaw Mycological Herbarium, Washington State University
45 records from Michigan State University Herbarium non-lichenized fungi
26 records from Cercle des mycologues de Montréal Fungarium (CMMF)
2 records from Brown University Herbarium
2414 records from iNaturalist Research-grade Observations
48 records from University of Nebraska State Museum, C.E. Bessey Herbarium - Fungi</para>
            </abstract>
            <contact>
            <individualName>
                    <surName>GBIF Download Service</surName>
            </individualName>
<electronicMailAddress>support@gbif.org</electronicMailAddress>            </contact>

    </dataset>

    <additionalMetadata>
        <metadata>
            <gbif>
                <dateStamp>2024-08-18T20:48:46Z</dateStamp>
                <citation identifier="10.15468/dl.swjxxn">GBIF Occurrence Download 10.15468/dl.swjxxn</citation>
                    <physical>
                        <objectName>Darwin Core Archive</objectName>
                        <characterEncoding>UTF-8</characterEncoding>
                        <dataFormat>
                            <externallyDefinedFormat>
                                <formatName>Darwin Core Archive</formatName>
                            </externallyDefinedFormat>
                        </dataFormat>
                        <distribution>
                            <online>
                                <url function="download">https://api.gbif.org/v1/occurrence/download/request/0072979-240626123714530.zip</url>
                            </online>
                        </distribution>
                    </physical>
            </gbif>
        </metadata>
    </additionalMetadata>

</eml:eml>
