<?xml version="1.0" encoding="utf-8"?>
<eml:eml xmlns:eml="eml://ecoinformatics.org/eml-2.1.1" xmlns:xsi="http://www.w3.org/2001/XMLSchema-instance"
         xsi:schemaLocation="eml://ecoinformatics.org/eml-2.1.1 http://rs.gbif.org/schema/eml-gbif-profile/1.2/eml.xsd"
packageId="0ec61c42-6eda-441e-b327-7ec241c8ec95"  system="http://gbif.org" scope="system"
xml:lang="en">

    <dataset>
            <alternateIdentifier>10.15468/uz8hza</alternateIdentifier>
                <alternateIdentifier>https://www.mycoportal.org/portal/collections/misc/collprofiles.php?collid=61</alternateIdentifier>
                <alternateIdentifier>https://mycoportal.org/portal/collections/misc/collprofiles.php?collid=61</alternateIdentifier>
        <title>Charles Gardner Shaw Mycological Herbarium, Washington State University</title>
            <creator>
<organizationName>MyCoPortal</organizationName><electronicMailAddress>help@mycoportal.org</electronicMailAddress><onlineUrl>https://www.mycoportal.org/portal/index.php</onlineUrl>            </creator>
            <metadataProvider>
<organizationName>MyCoPortal</organizationName><electronicMailAddress>help@mycoportal.org</electronicMailAddress><onlineUrl>https://www.mycoportal.org/portal/index.php</onlineUrl>            </metadataProvider>
            <associatedParty>
            <individualName>
<givenName>Monique</givenName>                    <surName>Slipher</surName>
            </individualName>
<positionName>Collections Manager</positionName><electronicMailAddress>mslipher@wsu.edu</electronicMailAddress>            <role>CONTENT_PROVIDER</role>
            </associatedParty>
            <associatedParty>
            <individualName>
<givenName>Herbarium</givenName>                    <surName>Email</surName>
            </individualName>
<positionName>General Contact</positionName><electronicMailAddress>test@wsu.edu</electronicMailAddress>            <role>CONTENT_PROVIDER</role>
            </associatedParty>
            <pubDate>
                2022-11-15
            </pubDate>
        <language>ENGLISH</language>
            <abstract>
                    <para>The Charles Gardner Shaw Mycological Herbarium contains over 75,000 accessioned fungal specimens. Important collections include: smuts (G.W. Fischer, R. Duran, L.M. Carris, K. Vanky); downy mildews (C.G. Shaw); powdery mildews (D.A. Glawe); Xylariaceae, Diatrypaceae, and other pyrenomycetes (J. D. Rogers &amp;amp; others); and fungi on grasses (R. Sprague), with a focus on the Northwest United States. Fungal exsiccati of historical Northwest collectors including Suksdorf, Piper, &amp;amp; others are available, as well as original complete sets of Fungi Columbiani (E. &amp;amp; E., Bartholomew) and North American Fungi (Ellis &amp;amp; Everhart). Collections from the whole USA, Canada, the UK, Austria, Germany, Finland, Romania &amp;amp; E. Europe, Mexico, Brazil, Taiwan &amp;amp; SE Asia, Russia, and New Zealand are also well represented.</para>
            </abstract>
            <intellectualRights>
                    <para>This work is licensed under a <ulink url="http://creativecommons.org/licenses/by/4.0/legalcode"><citetitle>Creative Commons Attribution (CC-BY) 4.0 License</citetitle></ulink>.</para>
            </intellectualRights>
            <contact>
<organizationName>Charles Gardner Shaw Mycological Herbarium, Washington State University</organizationName><phone>5093355242</phone><electronicMailAddress>mslipher@wsu.edu</electronicMailAddress><onlineUrl>https://plantpath.wsu.edu/about/mycological-herbarium/</onlineUrl>            </contact>

    </dataset>

    <additionalMetadata>
        <metadata>
            <gbif>
                <dateStamp>2024-08-18T20:48:45Z</dateStamp>
                <citation>Charles Gardner Shaw Mycological Herbarium, Washington State University (2022). Charles Gardner Shaw Mycological Herbarium, Washington State University. Occurrence dataset https://doi.org/10.15468/uz8hza accessed via GBIF.org on 2024-08-18.</citation>
            </gbif>
        </metadata>
    </additionalMetadata>

</eml:eml>
