<?xml version="1.0" encoding="utf-8"?>
<eml:eml xmlns:eml="eml://ecoinformatics.org/eml-2.1.1" xmlns:xsi="http://www.w3.org/2001/XMLSchema-instance"
         xsi:schemaLocation="eml://ecoinformatics.org/eml-2.1.1 http://rs.gbif.org/schema/eml-gbif-profile/1.2/eml.xsd"
packageId="21705170-d2b6-42de-8904-c3bca4b83591"  system="http://gbif.org" scope="system"
xml:lang="en">

    <dataset>
            <alternateIdentifier>10.5886/jcq7t9e9</alternateIdentifier>
                <alternateIdentifier>https://data.canadensys.net/ipt/resource?r=cmmf-specimens</alternateIdentifier>
                <alternateIdentifier>http://data.canadensys.net/ipt/resource?r=cmmf-specimens</alternateIdentifier>
                <alternateIdentifier>http://data.canadensys.net/ipt/resource.do?r=cmmf-specimens</alternateIdentifier>
                <alternateIdentifier>21705170-d2b6-42de-8904-c3bca4b83591</alternateIdentifier>
                <alternateIdentifier>14175</alternateIdentifier>
        <title>Cercle des mycologues de Montréal Fungarium (CMMF)</title>
            <creator>
            <individualName>
<givenName>Raymond</givenName>                    <surName>Archambault</surName>
            </individualName>
<organizationName>Cercle des mycologues de Montréal</organizationName><positionName>Curator</positionName>            <address>
<deliveryPoint>Université de Montréal Biodiversity Centre, 4101 rue Sherbrooke est</deliveryPoint><city>Montréal</city><administrativeArea>Québec</administrativeArea><postalCode>H1X 2B2</postalCode><country>CANADA</country>            </address>
<phone>514 343-6111 83147</phone><electronicMailAddress>raymond.archambault@gmail.com</electronicMailAddress><onlineUrl>http://www.mycomontreal.qc.ca</onlineUrl>            </creator>
            <metadataProvider>
            <individualName>
<givenName>Raymond</givenName>                    <surName>Archambault</surName>
            </individualName>
<organizationName>Cercle des mycologues de Montréal</organizationName><positionName>Curator</positionName>            <address>
<deliveryPoint>Université de Montréal Biodiversity Centre, 4101 rue Sherbrooke est</deliveryPoint><city>Montréal</city><administrativeArea>Québec</administrativeArea><postalCode>H1X 2B2</postalCode><country>CANADA</country>            </address>
<phone>514 343-6111 83147</phone><electronicMailAddress>raymond.archambault@gmail.com</electronicMailAddress><onlineUrl>http://www.mycomontreal.qc.ca</onlineUrl>            </metadataProvider>
            <associatedParty>
            <individualName>
<givenName>Raymond</givenName>                    <surName>Archambault</surName>
            </individualName>
<organizationName>Cercle des mycologues de Montréal, Fungarium</organizationName><positionName>curator</positionName>            <address>
<deliveryPoint>4101, rue Sherbrooke Est</deliveryPoint><city>Montréal</city><administrativeArea>Québec</administrativeArea><postalCode>H1X 2B2</postalCode><country>CANADA</country>            </address>
<phone>514 343-6111/83147</phone><electronicMailAddress>raymond.archambault@gmail.com</electronicMailAddress>            <role>CUSTODIAN_STEWARD</role>
            </associatedParty>
            <associatedParty>
            <individualName>
<givenName>Yves</givenName>                    <surName>Lamoureux</surName>
            </individualName>
<organizationName>Cercle des mycologues de Montréal</organizationName><positionName>scientific adviser</positionName>            <address>
<deliveryPoint>Université de Montréal Biodiversity Centre, 4101 rue Sherbrooke est</deliveryPoint><city>Montréal</city><administrativeArea>Québec</administrativeArea><postalCode>H1X 2B2</postalCode><country>CANADA</country>            </address>
<phone>514 343-6111 83147</phone><electronicMailAddress>mycomtl@mycomontreal.qc.ca</electronicMailAddress><onlineUrl>http://www.mycomontreal.qc.ca</onlineUrl>            <role>CONTENT_PROVIDER</role>
            </associatedParty>
            <associatedParty>
<organizationName>Université de Montréal Biodiversity Centre</organizationName>            <address>
<deliveryPoint>4101 rue Sherbrooke est</deliveryPoint><city>Montréal</city><administrativeArea>Quebec</administrativeArea><postalCode>H1X2B2</postalCode><country>CANADA</country>            </address>
            <role>PUBLISHER</role>
            </associatedParty>
            <pubDate>
                2019-10-28
            </pubDate>
        <language>ENGLISH</language>
            <abstract>
                    <para>The Cercle des mycologues de Montréal Fungarium is a relatively recent collection, founded in 1988. The collection holds fungi collected by Yves Lamoureux, scientific advisor of the Cercle des mycologues de Montréal (CMM - http://www.mycomontreal.qc.ca/) over a twenty years period, and by members of the CMM and other amateur mycological societies. It includes more than 5000 dried specimens of macrofungi (Fungi) and some slime molds (Amoebozoa, formerly Myxomycetes) of Quebec and neighbouring provinces/states, representing about 2000 species. Almost all specimens were photographed before drying. This dataset comprises all digitized specimens, links to the images, and their metadata.
--
Le fongarium du Cercle des mycologues de Montréal est une collection relativement récente, créée en 1988. Elle réunit en majeure partie des champignons récoltés sur une période de vingt ans par Yves Lamoureux, conseiller scientifique du Cercle des mycologues de Montréal (CMM - http://www.mycomontreal.qc.ca/) et par des mycologues amateurs, membres du CMM ou autres. Le fongarium compte plus de 5000 spécimens séchés de macromycètes (Fungi) et quelques dizaines de myxomycètes (Amoebozoa) du Québec, et des provinces et états voisins, qui totalisent environ 2000 espèces. La plupart des spécimens ont été photographiés avant séchage. Cette ensemble de données inclut tous les spécimens numérisés avec les liens vers les photos (et leurs métadonnées).</para>
            </abstract>
                <keywordSet>
                        <keyword>Ascomycota</keyword>
                        <keyword>CMM</keyword>
                        <keyword>myxomycètes</keyword>
                        <keyword>fungarium</keyword>
                        <keyword>Cercle des Mycologues de Montréal Fungarium</keyword>
                        <keyword>macromycètes</keyword>
                        <keyword>Cercle des Mycologues de Montréal</keyword>
                        <keyword>specimens</keyword>
                        <keyword>collection</keyword>
                        <keyword>ascomycètes</keyword>
                        <keyword>fongarium</keyword>
                        <keyword>Basidiomycota</keyword>
                        <keyword>Québec</keyword>
                        <keyword>Fungi</keyword>
                        <keyword>Canada</keyword>
                        <keyword>fonge</keyword>
                        <keyword>basidiomycètes</keyword>
                        <keyword>Fongarium du Cercle des Mycologues de Montréal</keyword>
                        <keyword>macrofungi</keyword>
                        <keyword>Amoebozoa</keyword>
                        <keyword>CMMF</keyword>
                        <keyword>Canadensys</keyword>
                        <keywordThesaurus>n/a</keywordThesaurus>
                </keywordSet>
                <keywordSet>
                        <keyword>Occurrence</keyword>
                        <keywordThesaurus>GBIF Dataset Type Vocabulary: http://rs.gbif.org/vocabulary/gbif/dataset_type.xml</keywordThesaurus>
                </keywordSet>
                <keywordSet>
                        <keyword>Specimen</keyword>
                        <keywordThesaurus>GBIF Dataset Subtype Vocabulary: http://rs.gbif.org/vocabulary/gbif/dataset_subtype.xml</keywordThesaurus>
                </keywordSet>
            <intellectualRights>
                    <para>This work is licensed under a <ulink url="http://creativecommons.org/licenses/by-nc/4.0/legalcode"><citetitle>Creative Commons Attribution Non Commercial (CC-BY-NC) 4.0 License</citetitle></ulink>.</para>
            </intellectualRights>
            <distribution scope="document">
                <online>
                    <url function="information">http://www.irbv.umontreal.ca/fongarium-du-cercle-des-mycologues-de-montreal?lang=en</url>
                </online>
            </distribution>
            <coverage>
                    <geographicCoverage>
                            <geographicDescription>The majority of the specimens were collected in Québec. Some were collected in neighbouring provinces and states.</geographicDescription>
                            <boundingCoordinates>
                                <westBoundingCoordinate>-82.42</westBoundingCoordinate>
                                <eastBoundingCoordinate>-55.74</eastBoundingCoordinate>
                                <northBoundingCoordinate>56.25</northBoundingCoordinate>
                                <southBoundingCoordinate>42.19</southBoundingCoordinate>
                            </boundingCoordinates>
                    </geographicCoverage>
                        <taxonomicCoverage>
                                <generalTaxonomicCoverage>The majority of the specimens are macrofungi (Basidiomycota and Ascomycota), but also includes some slime molds (Amoebozoa, formerly Myxomycetes). The collection represents about 2000 species.</generalTaxonomicCoverage>
                                <taxonomicClassification>
                                        <taxonRankName>Kingdom</taxonRankName>
                                    <taxonRankValue>Fungi</taxonRankValue>
                                </taxonomicClassification>
                                <taxonomicClassification>
                                        <taxonRankName>Kingdom</taxonRankName>
                                    <taxonRankValue>Protozoa</taxonRankValue>
                                </taxonomicClassification>
                                <taxonomicClassification>
                                        <taxonRankName>Phylum</taxonRankName>
                                    <taxonRankValue>Basidiomycota</taxonRankValue>
                                </taxonomicClassification>
                                <taxonomicClassification>
                                        <taxonRankName>Phylum</taxonRankName>
                                    <taxonRankValue>Ascomycota</taxonRankValue>
                                </taxonomicClassification>
                                <taxonomicClassification>
                                        <taxonRankName>Phylum</taxonRankName>
                                    <taxonRankValue>Amoebozoa</taxonRankValue>
                                        <commonName>Slime molds</commonName>
                                </taxonomicClassification>
                        </taxonomicCoverage>
            </coverage>
            <maintenance>
                <description>
                    <para></para>
                </description>
                <maintenanceUpdateFrequency>unkown</maintenanceUpdateFrequency>
            </maintenance>
            <contact>
            <individualName>
<givenName>Raymond</givenName>                    <surName>Archambault</surName>
            </individualName>
<organizationName>Cercle des mycologues de Montréal</organizationName><positionName>Curator</positionName>            <address>
<deliveryPoint>Université de Montréal Biodiversity Centre, 4101 rue Sherbrooke est</deliveryPoint><city>Montréal</city><administrativeArea>Québec</administrativeArea><postalCode>H1X 2B2</postalCode><country>CANADA</country>            </address>
<phone>514 343-6111 83147</phone><electronicMailAddress>raymond.archambault@gmail.com</electronicMailAddress><onlineUrl>http://www.mycomontreal.qc.ca</onlineUrl>            </contact>

    </dataset>

    <additionalMetadata>
        <metadata>
            <gbif>
                <dateStamp>2024-08-18T20:48:45Z</dateStamp>
                <citation identifier="doi:10.5886/jcq7t9e9">Archambault R (2019). Cercle des mycologues de Montréal Fungarium (CMMF). Version 11.6. Université de Montréal Biodiversity Centre. Occurrence dataset https://doi.org/10.5886/jcq7t9e9 accessed via GBIF.org on 2024-08-18.</citation>
                    <physical>
                        <objectName>Canadensys explorer</objectName>
                        <characterEncoding>UTF-8</characterEncoding>
                        <dataFormat>
                            <externallyDefinedFormat>
                                <formatName>HTML</formatName>
                            </externallyDefinedFormat>
                        </dataFormat>
                        <distribution>
                            <online>
                                <url function="download">http://data.canadensys.net/explorer/en/resources/cmmf-specimens</url>
                            </online>
                        </distribution>
                    </physical>
                    <physical>
                        <objectName>GBIF data portal</objectName>
                        <characterEncoding>UTF-8</characterEncoding>
                        <dataFormat>
                            <externallyDefinedFormat>
                                <formatName>HTML</formatName>
                            </externallyDefinedFormat>
                        </dataFormat>
                        <distribution>
                            <online>
                                <url function="download">http://www.gbif.org/dataset/21705170-d2b6-42de-8904-c3bca4b83591</url>
                            </online>
                        </distribution>
                    </physical>
                    <resourceLogoUrl>http://data.canadensys.net/ipt/logo.do?r=cmmf-specimens</resourceLogoUrl>
                        <collection>
                            <parentCollectionIdentifier>CMMF</parentCollectionIdentifier>
                            <collectionIdentifier>CMMF</collectionIdentifier>
                            <collectionName>Cercle des mycologues de Montréal Fungarium</collectionName>
                        </collection>
                    <formationPeriod>1988-present</formationPeriod>
                        <specimenPreservationMethod>DRIED</specimenPreservationMethod>
            </gbif>
        </metadata>
    </additionalMetadata>

</eml:eml>
