<?xml version="1.0" encoding="utf-8"?>
<eml:eml xmlns:eml="eml://ecoinformatics.org/eml-2.1.1" xmlns:xsi="http://www.w3.org/2001/XMLSchema-instance"
         xsi:schemaLocation="eml://ecoinformatics.org/eml-2.1.1 http://rs.gbif.org/schema/eml-gbif-profile/1.2/eml.xsd"
packageId="3e709dfe-ce4c-469c-b6ed-6e50750e3384"  system="http://gbif.org" scope="system"
xml:lang="en">

    <dataset>
            <alternateIdentifier>10.15468/ybeek2</alternateIdentifier>
                <alternateIdentifier>https://www.mycoportal.org/portal/collections/misc/collprofiles.php?collid=52</alternateIdentifier>
        <title>Clemson University Herbarium</title>
            <creator>
<organizationName>MyCoPortal</organizationName><electronicMailAddress>help@mycoportal.org</electronicMailAddress><onlineUrl>https://www.mycoportal.org/portal/index.php</onlineUrl>            </creator>
            <metadataProvider>
<organizationName>MyCoPortal</organizationName><electronicMailAddress>help@mycoportal.org</electronicMailAddress><onlineUrl>https://www.mycoportal.org/portal/index.php</onlineUrl>            </metadataProvider>
            <associatedParty>
            <individualName>
                    <surName>Dixie Damrel</surName>
            </individualName>
<electronicMailAddress>ddamrel@clemson.edu</electronicMailAddress>            <role>CONTENT_PROVIDER</role>
            </associatedParty>
            <pubDate>
                2022-09-26
            </pubDate>
        <language>ENGLISH</language>
            <abstract>
                    <para>The Clemson University Herbarium is dedicated to the acquisition and distribution of information on the taxonomy, biogeography and conservation of native species of the southeastern United States. It is one of the largest collections in the state and serves as a more or less permanent documentation of the flora of South Carolina. The herbarium is maintained as a research and educational tool available to Clemson University students, faculty and staff as well as interested individual researchers from throughout the world.</para>
            </abstract>
            <intellectualRights>
                    <para>This work is licensed under a <ulink url="http://creativecommons.org/licenses/by/4.0/legalcode"><citetitle>Creative Commons Attribution (CC-BY) 4.0 License</citetitle></ulink>.</para>
            </intellectualRights>
            <contact>
<organizationName>Clemson University Herbarium</organizationName><electronicMailAddress>ddamrel@clemson.edu</electronicMailAddress><onlineUrl>http://www.clemson.edu/cafls/herbarium/index.html</onlineUrl>            </contact>

    </dataset>

    <additionalMetadata>
        <metadata>
            <gbif>
                <dateStamp>2024-08-18T20:48:44Z</dateStamp>
                <citation>Clemson University Herbarium (2022). Clemson University Herbarium. Occurrence dataset https://doi.org/10.15468/ybeek2 accessed via GBIF.org on 2024-08-18.</citation>
            </gbif>
        </metadata>
    </additionalMetadata>

</eml:eml>
