<?xml version="1.0" encoding="utf-8"?>
<eml:eml xmlns:eml="eml://ecoinformatics.org/eml-2.1.1" xmlns:xsi="http://www.w3.org/2001/XMLSchema-instance"
         xsi:schemaLocation="eml://ecoinformatics.org/eml-2.1.1 http://rs.gbif.org/schema/eml-gbif-profile/1.2/eml.xsd"
packageId="48fa6173-8db2-40a3-9ef3-90a1651a506d"  system="http://gbif.org" scope="system"
xml:lang="en">

    <dataset>
            <alternateIdentifier>10.15468/njgg1a</alternateIdentifier>
                <alternateIdentifier>https://www.mycoportal.org/portal/collections/misc/collprofiles.php?collid=54</alternateIdentifier>
                <alternateIdentifier>https://mycoportal.org/portal/collections/misc/collprofiles.php?collid=54</alternateIdentifier>
                <alternateIdentifier>http://mycoportal.org/portal/collections/misc/collprofiles.php?collid=54</alternateIdentifier>
        <title>Brown University Herbarium</title>
            <creator>
<organizationName>MyCoPortal</organizationName><electronicMailAddress>help@mycoportal.org</electronicMailAddress><onlineUrl>https://www.mycoportal.org/portal/index.php</onlineUrl>            </creator>
            <metadataProvider>
<organizationName>MyCoPortal</organizationName><electronicMailAddress>help@mycoportal.org</electronicMailAddress><onlineUrl>https://www.mycoportal.org/portal/index.php</onlineUrl>            </metadataProvider>
            <associatedParty>
            <individualName>
                    <surName>Rebecca Kartzinel</surName>
            </individualName>
<electronicMailAddress>Rebecca_Kartzinel@brown.edu</electronicMailAddress>            <role>CONTENT_PROVIDER</role>
            </associatedParty>
            <pubDate>
                2022-08-28
            </pubDate>
        <language>ENGLISH</language>
            <abstract>
                    <para>The Brown University Herbarium was founded in 1869 when the University acquired the collections of the Providence Franklin Society and Stephen Thayer Olney. The collection includes around 100,000 plant specimens and is an important depository of Rhode Island and New England collections. It is also rich in western and southern North American plants and includes special sets of historically valuable specimens from 19th and early 20th century western US expeditions. Among other important collections, the herbarium also includes a full set of Charles Wright’s Cuban plants (1856-1867) and a unique and classic collection of Carex.</para>
            </abstract>
            <intellectualRights>
                    <para>This work is licensed under a <ulink url="http://creativecommons.org/licenses/by/4.0/legalcode"><citetitle>Creative Commons Attribution (CC-BY) 4.0 License</citetitle></ulink>.</para>
            </intellectualRights>
            <contact>
<organizationName>Brown University Herbarium</organizationName><electronicMailAddress>Rebecca_Kartzinel@brown.edu</electronicMailAddress><onlineUrl>http://www.brown.edu/research/projects/herbarium/</onlineUrl>            </contact>

    </dataset>

    <additionalMetadata>
        <metadata>
            <gbif>
                <dateStamp>2024-08-18T20:48:45Z</dateStamp>
                <citation>Brown University Herbarium (2022). Brown University Herbarium. Occurrence dataset https://doi.org/10.15468/njgg1a accessed via GBIF.org on 2024-08-18.</citation>
            </gbif>
        </metadata>
    </additionalMetadata>

</eml:eml>
