<?xml version="1.0" encoding="utf-8"?>
<eml:eml xmlns:eml="eml://ecoinformatics.org/eml-2.1.1" xmlns:xsi="http://www.w3.org/2001/XMLSchema-instance"
         xsi:schemaLocation="eml://ecoinformatics.org/eml-2.1.1 http://rs.gbif.org/schema/eml-gbif-profile/1.2/eml.xsd"
packageId="8fe64528-38fe-47c8-938a-b2ab603a653a"  system="http://gbif.org" scope="system"
xml:lang="en">

    <dataset>
            <alternateIdentifier>10.15468/q3a54h</alternateIdentifier>
                <alternateIdentifier>https://www.mycoportal.org/portal/collections/misc/collprofiles.php?collid=66</alternateIdentifier>
        <title>Michigan State University Herbarium non-lichenized fungi</title>
            <creator>
<organizationName>MyCoPortal</organizationName><electronicMailAddress>help@mycoportal.org</electronicMailAddress><onlineUrl>https://www.mycoportal.org/portal/index.php</onlineUrl>            </creator>
            <metadataProvider>
<organizationName>MyCoPortal</organizationName><electronicMailAddress>help@mycoportal.org</electronicMailAddress><onlineUrl>https://www.mycoportal.org/portal/index.php</onlineUrl>            </metadataProvider>
            <associatedParty>
            <individualName>
                    <surName>L. Alan Prather</surName>
            </individualName>
<electronicMailAddress>alan@msu.edu</electronicMailAddress>            <role>CONTENT_PROVIDER</role>
            </associatedParty>
            <pubDate>
                2022-08-26
            </pubDate>
        <language>ENGLISH</language>
            <abstract>
                    <para>The MSU Herbarium was founded in 1863 with the donation of a large collection of plants from Michigan and the eastern U.S. Today, we remain focused on plant and fungal diversity from Michigan, but the collection is also rich in plants from Mexico and southeast Asia, and lichens from the Caribbean and the subantarctic region. With over half a million specimens, the MSU Herbarium is among the 50 largest herbaria in the United States.</para>
            </abstract>
            <intellectualRights>
                    <para>This work is licensed under a <ulink url="http://creativecommons.org/licenses/by/4.0/legalcode"><citetitle>Creative Commons Attribution (CC-BY) 4.0 License</citetitle></ulink>.</para>
            </intellectualRights>
            <contact>
<organizationName>Michigan State University Herbarium non-lichenized fungi</organizationName><electronicMailAddress>alan@msu.edu</electronicMailAddress><onlineUrl>http://www.herbarium.natsci.msu.edu/</onlineUrl>            </contact>

    </dataset>

    <additionalMetadata>
        <metadata>
            <gbif>
                <dateStamp>2024-08-18T20:48:45Z</dateStamp>
                <citation>Michigan State University Herbarium (2022). Michigan State University Herbarium non-lichenized fungi. Occurrence dataset https://doi.org/10.15468/q3a54h accessed via GBIF.org on 2024-08-18.</citation>
            </gbif>
        </metadata>
    </additionalMetadata>

</eml:eml>
