<?xml version="1.0" encoding="utf-8"?>
<eml:eml xmlns:eml="eml://ecoinformatics.org/eml-2.1.1" xmlns:xsi="http://www.w3.org/2001/XMLSchema-instance"
         xsi:schemaLocation="eml://ecoinformatics.org/eml-2.1.1 http://rs.gbif.org/schema/eml-gbif-profile/1.2/eml.xsd"
packageId="d01d75ac-09d3-464f-8b0f-0a4ddecd6c10"  system="http://gbif.org" scope="system"
xml:lang="en">

    <dataset>
            <alternateIdentifier>10.15468/p9ybag</alternateIdentifier>
                <alternateIdentifier>https://www.mycoportal.org/portal/collections/misc/collprofiles.php?collid=67</alternateIdentifier>
                <alternateIdentifier>https://mycoportal.org/portal/collections/misc/collprofiles.php?collid=67</alternateIdentifier>
        <title>Academy of Natural Sciences of Drexel University</title>
            <creator>
<organizationName>MyCoPortal</organizationName><electronicMailAddress>help@mycoportal.org</electronicMailAddress><onlineUrl>https://www.mycoportal.org/portal/index.php</onlineUrl>            </creator>
            <metadataProvider>
<organizationName>MyCoPortal</organizationName><electronicMailAddress>help@mycoportal.org</electronicMailAddress><onlineUrl>https://www.mycoportal.org/portal/index.php</onlineUrl>            </metadataProvider>
            <associatedParty>
            <individualName>
<givenName>Chelsea</givenName>                    <surName>Smith</surName>
            </individualName>
<positionName>Collections Manager</positionName><electronicMailAddress>crs344@drexel.edu</electronicMailAddress>            <role>CONTENT_PROVIDER</role>
            </associatedParty>
            <associatedParty>
            <individualName>
<givenName>Botany</givenName>                    <surName>Herbarium</surName>
            </individualName>
<electronicMailAddress>ans_ph_herbarium@drexel.edu</electronicMailAddress>            <role>CONTENT_PROVIDER</role>
            </associatedParty>
            <pubDate>
                2023-12-15
            </pubDate>
        <language>ENGLISH</language>
            <intellectualRights>
                    <para>To the extent possible under law, the publisher has waived all rights to these data and has dedicated them to the <ulink url="http://creativecommons.org/publicdomain/zero/1.0/legalcode"><citetitle>Public Domain (CC0 1.0)</citetitle></ulink>. Users may copy, modify, distribute and use the work, including for commercial purposes, without restriction.</para>
            </intellectualRights>
            <contact>
<organizationName>Academy of Natural Sciences of Drexel University</organizationName><electronicMailAddress>crs344@drexel.edu</electronicMailAddress><onlineUrl>http://www.ansp.org/</onlineUrl>            </contact>

    </dataset>

    <additionalMetadata>
        <metadata>
            <gbif>
                <dateStamp>2024-08-18T20:48:45Z</dateStamp>
                <citation>Academy of Natural Sciences (2023). Academy of Natural Sciences of Drexel University. Occurrence dataset https://doi.org/10.15468/p9ybag accessed via GBIF.org on 2024-08-18.</citation>
            </gbif>
        </metadata>
    </additionalMetadata>

</eml:eml>
