<?xml version="1.0" encoding="utf-8"?>
<eml:eml xmlns:eml="eml://ecoinformatics.org/eml-2.1.1" xmlns:xsi="http://www.w3.org/2001/XMLSchema-instance"
         xsi:schemaLocation="eml://ecoinformatics.org/eml-2.1.1 http://rs.gbif.org/schema/eml-gbif-profile/1.2/eml.xsd"
packageId="eeaf050f-23d0-4557-9084-ec545cd3d9a7"  system="http://gbif.org" scope="system"
xml:lang="en">

    <dataset>
            <alternateIdentifier>10.15468/7k7b25</alternateIdentifier>
                <alternateIdentifier>eeaf050f-23d0-4557-9084-ec545cd3d9a7</alternateIdentifier>
                <alternateIdentifier>https://collections.ala.org.au/public/show/dr22311</alternateIdentifier>
                <alternateIdentifier>30136750-9e01-302e-b908-b9d99393ec3e</alternateIdentifier>
        <title>NSW DPI Biosecurity Collections</title>
            <creator>
<organizationName>NSW DPI Biosecurity Collections</organizationName>            </creator>
            <metadataProvider>
<organizationName>NSW DPI Biosecurity Collections</organizationName>            </metadataProvider>
            <associatedParty>
<organizationName>Atlas of Living Australia</organizationName>            <address>
<deliveryPoint>CSIRO Ecosystems Services</deliveryPoint><city>Canberra</city><administrativeArea>ACT</administrativeArea><postalCode>2601</postalCode><country>AUSTRALIA</country>            </address>
<electronicMailAddress>info@ala.org.au</electronicMailAddress>            <role>DISTRIBUTOR</role>
            </associatedParty>
            <pubDate>
                2024-06-19
            </pubDate>
        <language>ENGLISH</language>
            <abstract>
                    <para>Physical records of:

1. The insects and related forms associated with agricultural and forestry activity in New South Wales since 1890.  It is housed at  https://www.dpi.nsw.gov.au/dpi/about-us/research-and-development/centres/orange-research-station (Orange Agricultural Institute, Orange, NSW) and is managed under ISO accreditation.

 2. The NSW DPI Plant Pathology &amp;amp; Mycology Herbarium specimens at this collection form the official plant disease records for NSW as well the states repository for mycological specimens (non-pathogenic fungi). The herbarium includes a living culture collection of fungi, bacteria and plant viruses of over 12,000 cultures.
Specimens cover fungi (plant pathogens, entomopathogens, beneficial fungi, native fungi), bacteria (pathogenic, beneficial), viruses, phytoplasma, oomycetes and nematodes.
The the percentage of digitised records across these collections is:

• Approximately 500,000 pinned insects (73%)
• 33,000 slide-mounted mites and smaller insects (98%)
• 40,000 specimens stored in alcohol (90%)
• 2,270 insect and mite types including 314 primary types.
• 95,407 herbarium specimens and cultures (78.8%)</para>
            </abstract>
            <intellectualRights>
                    <para>This work is licensed under a <ulink url="http://creativecommons.org/licenses/by/4.0/legalcode"><citetitle>Creative Commons Attribution (CC-BY) 4.0 License</citetitle></ulink>.</para>
            </intellectualRights>
            <distribution scope="document">
                <online>
                    <url function="information">https://collections.ala.org.au/public/show/dr22311</url>
                </online>
            </distribution>
            <purpose>
                <para>The collection has continued, since establishment in 1890, to actively be used for diagnostics, taxonomic research, education and extension purposes.</para>
            </purpose>
            <contact>
<organizationName>Atlas of Living Australia</organizationName>            <address>
<deliveryPoint>CSIRO Ecosystems Services</deliveryPoint><city>Canberra</city><administrativeArea>ACT</administrativeArea><postalCode>2601</postalCode><country>AUSTRALIA</country>            </address>
<electronicMailAddress>info@ala.org.au</electronicMailAddress>            </contact>
            <methods>
            </methods>

    </dataset>

    <additionalMetadata>
        <metadata>
            <gbif>
                <dateStamp>2024-08-18T20:48:43Z</dateStamp>
                <citation>NSW Department of Primary Industries (2024). NSW DPI Biosecurity Collections. Occurrence dataset https://doi.org/10.15468/7k7b25 accessed via GBIF.org on 2024-08-18.</citation>
            </gbif>
        </metadata>
    </additionalMetadata>

</eml:eml>
