<?xml version="1.0" encoding="utf-8"?>
<eml:eml xmlns:eml="eml://ecoinformatics.org/eml-2.1.1" xmlns:xsi="http://www.w3.org/2001/XMLSchema-instance"
         xsi:schemaLocation="eml://ecoinformatics.org/eml-2.1.1 http://rs.gbif.org/schema/eml-gbif-profile/1.2/eml.xsd"
packageId="f662a646-1c95-47c4-bd92-ef1fa8834725"  system="http://gbif.org" scope="system"
xml:lang="en">

    <dataset>
            <alternateIdentifier>10.15468/j9s93a</alternateIdentifier>
                <alternateIdentifier>https://www.mycoportal.org/portal/collections/misc/collprofiles.php?collid=50</alternateIdentifier>
        <title>University of Nebraska State Museum, C.E. Bessey Herbarium - Fungi</title>
            <creator>
<organizationName>MyCoPortal</organizationName><electronicMailAddress>help@mycoportal.org</electronicMailAddress><onlineUrl>https://www.mycoportal.org/portal/index.php</onlineUrl>            </creator>
            <metadataProvider>
<organizationName>MyCoPortal</organizationName><electronicMailAddress>help@mycoportal.org</electronicMailAddress><onlineUrl>https://www.mycoportal.org/portal/index.php</onlineUrl>            </metadataProvider>
            <associatedParty>
            <individualName>
                    <surName>Thomas Labedz</surName>
            </individualName>
<electronicMailAddress>tlabedz1@unl.edu</electronicMailAddress>            <role>CONTENT_PROVIDER</role>
            </associatedParty>
            <pubDate>
                2022-10-03
            </pubDate>
        <language>ENGLISH</language>
            <abstract>
                    <para>The Bessey Herbarium was founded in 1874, making it among the oldest in the Great Plains states of Colorado, Kansas, Montana, North Dakota, and Nebraska. The collection has more than 310,000 specimens, placing it among the largest in the Great Plains. The largest parts of the collection are, in descending order, from Nebraska, the Great Plains, the Rocky Mountains, other parts of North America, and Europe. It contains important collections by such scientifically notable Nebraskans as Charles Bessey, Ernst Bessey, Frederic Clements, Walter Kiener, Per Rydberg, Raymond Pool, Jared G. Smith; by other Nebraskans who later became prominent in other fields, such as Roscoe Pound (Law), Louise Pound (Literature), Willa Cather (Literature), Melvin Gilmore (Ethnobotany), Lawrence Bruner (Entomology) and Henry Baldwin Ward (Parasitology); and by many prominent scientists from outside the state.</para>
            </abstract>
            <intellectualRights>
                    <para>This work is licensed under a <ulink url="http://creativecommons.org/licenses/by/4.0/legalcode"><citetitle>Creative Commons Attribution (CC-BY) 4.0 License</citetitle></ulink>.</para>
            </intellectualRights>
            <contact>
<organizationName>University of Nebraska State Museum, C.E. Bessey Herbarium - Fungi</organizationName><electronicMailAddress>tlabedz1@unl.edu</electronicMailAddress><onlineUrl>https://museum.unl.edu/collections/botany/index.html</onlineUrl>            </contact>

    </dataset>

    <additionalMetadata>
        <metadata>
            <gbif>
                <dateStamp>2024-08-18T20:48:46Z</dateStamp>
                <citation>University of Nebraska State Museum (2022). University of Nebraska State Museum, C.E. Bessey Herbarium - Fungi. Occurrence dataset https://doi.org/10.15468/j9s93a accessed via GBIF.org on 2024-08-18.</citation>
            </gbif>
        </metadata>
    </additionalMetadata>

</eml:eml>
